{
    "ville": "Rabat",
    "date_creation": "2025-01-20T00:54:29.656664",
    "parametres": {
        "time_step": 10,
        "train_size": 410,
        "epochs": 20,
        "batch_size": 32
    },
    "performance": {
        "loss_final": 0.0039708418771624565,
        "val_loss_final": 0.006809934042394161
    }
}